"Language","Parent","Level","Type","URL","Path","Slug"
"ES","","0","Home","https://jets-munt.com","/","home"
"ES","Home","1","Main navigation","https://jets-munt.com/accesorios","/accesorios","accesorios"
"ES","Home","1","Main navigation","https://jets-munt.com/contacto","/contacto","contacto"
"ES","Home","1","Main navigation","https://jets-munt.com/distribuidores","/distribuidores","distribuidores"
"ES","Home","1","Main navigation","https://jets-munt.com/motores","/motores","motores"
"ES","Home","1","Main navigation","https://jets-munt.com/servicio-tecnico","/servicio-tecnico","servicio-tecnico"
"ES","Home","1","Product family","https://jets-munt.com/pro-series","/pro-series","pro-series"
"ES","Home","1","SEO long-tail","https://jets-munt.com/compact-turbojet-engines","/compact-turbojet-engines","compact-turbojet-engines"
"ES","Home","1","SEO long-tail","https://jets-munt.com/ecu-control-systems","/ecu-control-systems","ecu-control-systems"
"ES","Home","1","SEO long-tail","https://jets-munt.com/electronics-telemetry","/electronics-telemetry","electronics-telemetry"
"ES","Home","1","SEO long-tail","https://jets-munt.com/engineering-custom-development","/engineering-custom-development","engineering-custom-development"
"ES","Home","1","SEO long-tail","https://jets-munt.com/engineering-development","/engineering-development","engineering-development"
"ES","Home","1","SEO long-tail","https://jets-munt.com/loitering-munition-propulsion","/loitering-munition-propulsion","loitering-munition-propulsion"
"ES","Home","1","SEO long-tail","https://jets-munt.com/manufacturing-in-spain","/manufacturing-in-spain","manufacturing-in-spain"
"ES","Home","1","SEO long-tail","https://jets-munt.com/propulsion-architecture","/propulsion-architecture","propulsion-architecture"
"ES","Home","1","SEO long-tail","https://jets-munt.com/target-drone-propulsion","/target-drone-propulsion","target-drone-propulsion"
"ES","Home","1","SEO long-tail","https://jets-munt.com/testing-validation","/testing-validation","testing-validation"
"ES","Home","1","SEO long-tail","https://jets-munt.com/uav-integration","/uav-integration","uav-integration"
"ES","Home","1","SEO long-tail","https://jets-munt.com/uav-propulsion","/uav-propulsion","uav-propulsion"
"ES","Home","1","Support hub","https://jets-munt.com/support","/support","support"
"ES","/pro-series","2","PRO product detail","https://jets-munt.com/pro-series/xm215-pro","/pro-series/xm215-pro","xm215-pro"
"ES","/pro-series","2","PRO product detail","https://jets-munt.com/pro-series/xm255-pro","/pro-series/xm255-pro","xm255-pro"
"ES","/motores","2","Product detail","https://jets-munt.com/products/xm122ng","/products/xm122ng","xm122ng"
"ES","/motores","2","Product detail","https://jets-munt.com/products/xm166ng","/products/xm166ng","xm166ng"
"ES","/motores","2","Product detail","https://jets-munt.com/products/xm182ng","/products/xm182ng","xm182ng"
"ES","/motores","2","Product detail","https://jets-munt.com/products/xm210ng","/products/xm210ng","xm210ng"
"ES","/motores","2","Product detail","https://jets-munt.com/products/xm222ng","/products/xm222ng","xm222ng"
"ES","/motores","2","Product detail","https://jets-munt.com/products/xm250ng","/products/xm250ng","xm250ng"
"ES","/motores","2","Product detail","https://jets-munt.com/products/xm255ng","/products/xm255ng","xm255ng"
"ES","/motores","2","Product detail","https://jets-munt.com/products/xm98ng","/products/xm98ng","xm98ng"
"ES","/support","2","Support child","https://jets-munt.com/support/downloads","/support/downloads","downloads"
"ES","/support","2","Support child","https://jets-munt.com/support/faq","/support/faq","faq"
"ES","/support","2","Support child","https://jets-munt.com/support/maintenance","/support/maintenance","maintenance"
"ES","/support","2","Support child","https://jets-munt.com/support/manuals","/support/manuals","manuals"
"ES","/support","2","Support child","https://jets-munt.com/support/service-request","/support/service-request","service-request"
"EN","","0","Home","https://jets-munt.com/en","/en","en"
"EN","Home","1","Main navigation","https://jets-munt.com/en/accessories","/en/accessories","accessories"
"EN","Home","1","Main navigation","https://jets-munt.com/en/contact","/en/contact","contact"
"EN","Home","1","Main navigation","https://jets-munt.com/en/distributors","/en/distributors","distributors"
"EN","Home","1","Main navigation","https://jets-munt.com/en/engines","/en/engines","engines"
"EN","Home","1","Main navigation","https://jets-munt.com/en/technical-service","/en/technical-service","technical-service"
"EN","Home","1","SEO long-tail","https://jets-munt.com/en/compact-turbojet-engines","/en/compact-turbojet-engines","compact-turbojet-engines"
"EN","Home","1","SEO long-tail","https://jets-munt.com/en/ecu-control-systems","/en/ecu-control-systems","ecu-control-systems"
"EN","Home","1","SEO long-tail","https://jets-munt.com/en/electronics-telemetry","/en/electronics-telemetry","electronics-telemetry"
"EN","Home","1","SEO long-tail","https://jets-munt.com/en/engineering-custom-development","/en/engineering-custom-development","engineering-custom-development"
"EN","Home","1","SEO long-tail","https://jets-munt.com/en/engineering-development","/en/engineering-development","engineering-development"
"EN","Home","1","SEO long-tail","https://jets-munt.com/en/loitering-munition-propulsion","/en/loitering-munition-propulsion","loitering-munition-propulsion"
"EN","Home","1","SEO long-tail","https://jets-munt.com/en/manufacturing-in-spain","/en/manufacturing-in-spain","manufacturing-in-spain"
"EN","Home","1","SEO long-tail","https://jets-munt.com/en/propulsion-architecture","/en/propulsion-architecture","propulsion-architecture"
"EN","Home","1","SEO long-tail","https://jets-munt.com/en/target-drone-propulsion","/en/target-drone-propulsion","target-drone-propulsion"
"EN","Home","1","SEO long-tail","https://jets-munt.com/en/testing-validation","/en/testing-validation","testing-validation"
"EN","Home","1","SEO long-tail","https://jets-munt.com/en/uav-integration","/en/uav-integration","uav-integration"
"EN","Home","1","SEO long-tail","https://jets-munt.com/en/uav-propulsion","/en/uav-propulsion","uav-propulsion"
"EN","/en/engines","2","Product detail","https://jets-munt.com/en/products/xm122ng","/en/products/xm122ng","xm122ng"
"EN","/en/engines","2","Product detail","https://jets-munt.com/en/products/xm166ng","/en/products/xm166ng","xm166ng"
"EN","/en/engines","2","Product detail","https://jets-munt.com/en/products/xm182ng","/en/products/xm182ng","xm182ng"
"EN","/en/engines","2","Product detail","https://jets-munt.com/en/products/xm210ng","/en/products/xm210ng","xm210ng"
"EN","/en/engines","2","Product detail","https://jets-munt.com/en/products/xm222ng","/en/products/xm222ng","xm222ng"
"EN","/en/engines","2","Product detail","https://jets-munt.com/en/products/xm250ng","/en/products/xm250ng","xm250ng"
"EN","/en/engines","2","Product detail","https://jets-munt.com/en/products/xm255ng","/en/products/xm255ng","xm255ng"
"EN","/en/engines","2","Product detail","https://jets-munt.com/en/products/xm98ng","/en/products/xm98ng","xm98ng"
"FR","","0","Home","https://jets-munt.com/fr","/fr","fr"
"FR","Home","1","Main navigation","https://jets-munt.com/fr/accessoires","/fr/accessoires","accessoires"
"FR","Home","1","Main navigation","https://jets-munt.com/fr/contact","/fr/contact","contact"
"FR","Home","1","Main navigation","https://jets-munt.com/fr/distributeurs","/fr/distributeurs","distributeurs"
"FR","Home","1","Main navigation","https://jets-munt.com/fr/moteurs","/fr/moteurs","moteurs"
"FR","Home","1","Main navigation","https://jets-munt.com/fr/service-technique","/fr/service-technique","service-technique"
"FR","Home","1","SEO long-tail","https://jets-munt.com/fr/architecture-propulsion","/fr/architecture-propulsion","architecture-propulsion"
"FR","Home","1","SEO long-tail","https://jets-munt.com/fr/developpement-ingenierie","/fr/developpement-ingenierie","developpement-ingenierie"
"FR","Home","1","SEO long-tail","https://jets-munt.com/fr/developpement-sur-mesure","/fr/developpement-sur-mesure","developpement-sur-mesure"
"FR","Home","1","SEO long-tail","https://jets-munt.com/fr/electronique-telemetrie","/fr/electronique-telemetrie","electronique-telemetrie"
"FR","Home","1","SEO long-tail","https://jets-munt.com/fr/essais-validation","/fr/essais-validation","essais-validation"
"FR","Home","1","SEO long-tail","https://jets-munt.com/fr/fabrication-espagne","/fr/fabrication-espagne","fabrication-espagne"
"FR","Home","1","SEO long-tail","https://jets-munt.com/fr/integration-uav","/fr/integration-uav","integration-uav"
"FR","Home","1","SEO long-tail","https://jets-munt.com/fr/moteurs-turbojet-compacts","/fr/moteurs-turbojet-compacts","moteurs-turbojet-compacts"
"FR","Home","1","SEO long-tail","https://jets-munt.com/fr/propulsion-drone-cible","/fr/propulsion-drone-cible","propulsion-drone-cible"
"FR","Home","1","SEO long-tail","https://jets-munt.com/fr/propulsion-uav","/fr/propulsion-uav","propulsion-uav"
"FR","Home","1","SEO long-tail","https://jets-munt.com/fr/propulsion-uav-mission-speciale","/fr/propulsion-uav-mission-speciale","propulsion-uav-mission-speciale"
"FR","Home","1","SEO long-tail","https://jets-munt.com/fr/systemes-controle-ecu","/fr/systemes-controle-ecu","systemes-controle-ecu"
"FR","/fr/moteurs","2","Product detail","https://jets-munt.com/fr/produits/xm122ng","/fr/produits/xm122ng","xm122ng"
"FR","/fr/moteurs","2","Product detail","https://jets-munt.com/fr/produits/xm166ng","/fr/produits/xm166ng","xm166ng"
"FR","/fr/moteurs","2","Product detail","https://jets-munt.com/fr/produits/xm182ng","/fr/produits/xm182ng","xm182ng"
"FR","/fr/moteurs","2","Product detail","https://jets-munt.com/fr/produits/xm210ng","/fr/produits/xm210ng","xm210ng"
"FR","/fr/moteurs","2","Product detail","https://jets-munt.com/fr/produits/xm222ng","/fr/produits/xm222ng","xm222ng"
"FR","/fr/moteurs","2","Product detail","https://jets-munt.com/fr/produits/xm250ng","/fr/produits/xm250ng","xm250ng"
"FR","/fr/moteurs","2","Product detail","https://jets-munt.com/fr/produits/xm255ng","/fr/produits/xm255ng","xm255ng"
"FR","/fr/moteurs","2","Product detail","https://jets-munt.com/fr/produits/xm98ng","/fr/produits/xm98ng","xm98ng"
